world,node,child,value_0.2_0,value_0.28_0,value_0.391_0,value_0.547_0,value_0.765_0,value_1.07_0,value_1.496_0,value_2.092_0,value_2.925_0,value_4.091_0,value_5.721_0,value_8_0
Equal_2vs5_mirror,N86472,N73070,0.0,0.0,0.0005,0.0041,0.0194,0.0571,0.1186,0.1925,0.2639,0.3245,0.3718,0.4073
Equal_2vs5_mirror,N86472,N12601,1.0,1.0,0.9995,0.9959,0.9806,0.9429,0.8814,0.8075,0.7361,0.6755,0.6282,0.5927
3ways_2_mirror,N20537,N61048,0.0,0.0,0.0005,0.004,0.0181,0.0499,0.0963,0.1469,0.1924,0.2294,0.2577,0.2787
3ways_2_mirror,N20537,N53349,0.0,0.0008,0.006,0.0251,0.067,0.127,0.188,0.2369,0.2709,0.2929,0.3069,0.3158
3ways_2_mirror,N20537,N38759,1.0,0.9992,0.9936,0.9709,0.9149,0.8232,0.7157,0.6162,0.5367,0.4776,0.4354,0.4055
3ways_2_mirror,N61048,N31028,0.0,0.0008,0.006,0.0252,0.0682,0.1336,0.208,0.2777,0.3354,0.3802,0.4135,0.4378
3ways_2_mirror,N61048,N14684,1.0,0.9992,0.994,0.9748,0.9318,0.8664,0.792,0.7223,0.6646,0.6198,0.5865,0.5622
3ways_2_mirror,N53349,N22906,1.0,1.0,0.9995,0.9959,0.9806,0.9429,0.8814,0.8075,0.7361,0.6755,0.6282,0.5927
3ways_2_mirror,N53349,N23735,0.0,0.0,0.0005,0.0041,0.0194,0.0571,0.1186,0.1925,0.2639,0.3245,0.3718,0.4073
3ways_2_mirror,N38759,N26939,0.9933,0.9727,0.9281,0.8615,0.787,0.718,0.6612,0.6173,0.5846,0.5608,0.5436,0.5312
3ways_2_mirror,N38759,N82844,0.0067,0.0273,0.0719,0.1385,0.213,0.282,0.3388,0.3827,0.4154,0.4392,0.4564,0.4688
Equal_10vs2_mirror,N74542,N84331,0.0,0.0,0.0,0.0,0.0001,0.0014,0.0092,0.034,0.0837,0.153,0.2273,0.2942
Equal_10vs2_mirror,N74542,N25495,1.0,1.0,1.0,1.0,0.9999,0.9986,0.9908,0.966,0.9163,0.847,0.7727,0.7058
6vs1_2_mirror,N96941,N61632,0.0,0.0,0.0,0.0001,0.0014,0.0093,0.0341,0.0839,0.1532,0.2276,0.2944,0.3486
6vs1_2_mirror,N96941,N99612,1.0,1.0,1.0,0.9999,0.9986,0.9907,0.9659,0.9161,0.8468,0.7724,0.7056,0.6514
Equal_10vs2,N92580,N16553,0.0,0.0,0.0,0.0,0.0001,0.0014,0.0092,0.034,0.0837,0.153,0.2273,0.2942
Equal_10vs2,N92580,N51698,1.0,1.0,1.0,1.0,0.9999,0.9986,0.9908,0.966,0.9163,0.847,0.7727,0.7058
Equal_6vs3,N93546,N45994,0.0,0.0,0.0005,0.0041,0.0194,0.0571,0.1186,0.1925,0.2639,0.3245,0.3718,0.4073
Equal_6vs3,N93546,N73133,1.0,1.0,0.9995,0.9959,0.9806,0.9429,0.8814,0.8075,0.7361,0.6755,0.6282,0.5927
Loop_2_mirror,N90706,N65692,0.0,0.0,0.0,0.0001,0.0014,0.0092,0.033,0.0774,0.1329,0.1854,0.2275,0.2585
Loop_2_mirror,N90706,N52431,0.0,0.0,0.0,0.0001,0.0014,0.0092,0.033,0.0774,0.1329,0.1854,0.2275,0.2585
Loop_2_mirror,N90706,N61240,1.0,1.0,1.0,0.9998,0.9971,0.9817,0.934,0.8451,0.7342,0.6293,0.5451,0.483
Loop_2_mirror,N61240,N96236,0.5,0.5,0.5,0.5,0.5,0.5,0.5,0.5,0.5,0.5,0.5,0.5
Loop_2_mirror,N61240,N87785,0.5,0.5,0.5,0.5,0.5,0.5,0.5,0.5,0.5,0.5,0.5,0.5
Equal_4vs2,N25436,N93213,0.0,0.0008,0.006,0.0252,0.0682,0.1336,0.208,0.2777,0.3354,0.3802,0.4135,0.4378
Equal_4vs2,N25436,N46529,1.0,0.9992,0.994,0.9748,0.9318,0.8664,0.792,0.7223,0.6646,0.6198,0.5865,0.5622
4ways,N39711,N75328,0.0,0.0,0.0005,0.004,0.0178,0.0475,0.0879,0.1281,0.1614,0.1866,0.2049,0.218
4ways,N39711,N96243,0.0,0.0,0.0005,0.004,0.0178,0.0475,0.0879,0.1281,0.1614,0.1866,0.2049,0.218
4ways,N39711,N28397,1.0,0.9992,0.9931,0.967,0.8986,0.7841,0.6528,0.5373,0.4501,0.3885,0.3462,0.3171
4ways,N39711,N48992,0.0,0.0008,0.006,0.025,0.0658,0.1209,0.1715,0.2066,0.2272,0.2383,0.244,0.247
4ways,N75328,N26976,0.0,0.0,0.0005,0.004,0.0181,0.0499,0.0963,0.1469,0.1924,0.2294,0.2577,0.2787
4ways,N75328,N53690,1.0,0.9992,0.9936,0.9709,0.9149,0.8232,0.7157,0.6162,0.5367,0.4776,0.4354,0.4055
4ways,N75328,N85228,0.0,0.0008,0.006,0.0251,0.067,0.127,0.188,0.2369,0.2709,0.2929,0.3069,0.3158
4ways,N96243,N32798,0.0,0.0,0.0005,0.004,0.0178,0.0475,0.0879,0.1281,0.1614,0.1866,0.2049,0.218
4ways,N96243,N91530,0.0,0.0,0.0005,0.004,0.0178,0.0475,0.0879,0.1281,0.1614,0.1866,0.2049,0.218
4ways,N96243,N88542,1.0,0.9992,0.9931,0.967,0.8986,0.7841,0.6528,0.5373,0.4501,0.3885,0.3462,0.3171
4ways,N96243,N68171,0.0,0.0008,0.006,0.025,0.0658,0.1209,0.1715,0.2066,0.2272,0.2383,0.244,0.247
4ways,N28397,N27336,0.9867,0.9468,0.8658,0.7568,0.6489,0.5601,0.4938,0.4464,0.4131,0.3897,0.3732,0.3617
4ways,N28397,N21554,0.0066,0.0266,0.0671,0.1216,0.1756,0.22,0.2531,0.2768,0.2935,0.3052,0.3134,0.3192
4ways,N28397,N26319,0.0066,0.0266,0.0671,0.1216,0.1756,0.22,0.2531,0.2768,0.2935,0.3052,0.3134,0.3192
4ways,N48992,N60447,1.0,1.0,0.9991,0.9918,0.9619,0.8919,0.7879,0.6772,0.5824,0.51,0.4579,0.4211
4ways,N48992,N61169,0.0,0.0,0.0005,0.0041,0.0191,0.054,0.1061,0.1614,0.2088,0.245,0.271,0.2894
4ways,N48992,N29748,0.0,0.0,0.0005,0.0041,0.0191,0.054,0.1061,0.1614,0.2088,0.245,0.271,0.2894
4ways,N26976,N20811,0.0,0.0,0.0005,0.004,0.0181,0.0499,0.0963,0.1469,0.1924,0.2294,0.2577,0.2787
4ways,N26976,N25416,1.0,0.9992,0.9936,0.9709,0.9149,0.8232,0.7157,0.6162,0.5367,0.4776,0.4354,0.4055
4ways,N26976,N38655,0.0,0.0008,0.006,0.0251,0.067,0.127,0.188,0.2369,0.2709,0.2929,0.3069,0.3158
4ways,N53690,N67505,0.9933,0.9727,0.9281,0.8615,0.787,0.718,0.6612,0.6173,0.5846,0.5608,0.5436,0.5312
4ways,N53690,N81529,0.0067,0.0273,0.0719,0.1385,0.213,0.282,0.3388,0.3827,0.4154,0.4392,0.4564,0.4688
4ways,N85228,N55441,1.0,1.0,0.9995,0.9959,0.9806,0.9429,0.8814,0.8075,0.7361,0.6755,0.6282,0.5927
4ways,N85228,N95080,0.0,0.0,0.0005,0.0041,0.0194,0.0571,0.1186,0.1925,0.2639,0.3245,0.3718,0.4073
4ways,N32798,N22474,0.0,0.0,0.0005,0.004,0.0181,0.0499,0.0963,0.1469,0.1924,0.2294,0.2577,0.2787
4ways,N32798,N99878,1.0,0.9992,0.9936,0.9709,0.9149,0.8232,0.7157,0.6162,0.5367,0.4776,0.4354,0.4055
4ways,N32798,N60238,0.0,0.0008,0.006,0.0251,0.067,0.127,0.188,0.2369,0.2709,0.2929,0.3069,0.3158
4ways,N91530,N70552,0.0,0.0,0.0005,0.004,0.0181,0.0499,0.0963,0.1469,0.1924,0.2294,0.2577,0.2787
4ways,N91530,N70945,1.0,0.9992,0.9936,0.9709,0.9149,0.8232,0.7157,0.6162,0.5367,0.4776,0.4354,0.4055
4ways,N91530,N19695,0.0,0.0008,0.006,0.0251,0.067,0.127,0.188,0.2369,0.2709,0.2929,0.3069,0.3158
4ways,N88542,N68334,0.9867,0.9468,0.8658,0.7568,0.6489,0.5601,0.4938,0.4464,0.4131,0.3897,0.3732,0.3617
4ways,N88542,N14860,0.0066,0.0266,0.0671,0.1216,0.1756,0.22,0.2531,0.2768,0.2935,0.3052,0.3134,0.3192
4ways,N88542,N67846,0.0066,0.0266,0.0671,0.1216,0.1756,0.22,0.2531,0.2768,0.2935,0.3052,0.3134,0.3192
4ways,N68171,N79384,1.0,1.0,0.9991,0.9918,0.9619,0.8919,0.7879,0.6772,0.5824,0.51,0.4579,0.4211
4ways,N68171,N99186,0.0,0.0,0.0005,0.0041,0.0191,0.054,0.1061,0.1614,0.2088,0.245,0.271,0.2894
4ways,N68171,N84945,0.0,0.0,0.0005,0.0041,0.0191,0.054,0.1061,0.1614,0.2088,0.245,0.271,0.2894
4ways,N27336,N24918,0.5,0.5,0.5,0.5,0.5,0.5,0.5,0.5,0.5,0.5,0.5,0.5
4ways,N27336,N35692,0.5,0.5,0.5,0.5,0.5,0.5,0.5,0.5,0.5,0.5,0.5,0.5
4ways,N21554,N77546,0.0066,0.0266,0.0671,0.1216,0.1756,0.22,0.2531,0.2768,0.2935,0.3052,0.3134,0.3192
4ways,N21554,N16090,0.0066,0.0266,0.0671,0.1216,0.1756,0.22,0.2531,0.2768,0.2935,0.3052,0.3134,0.3192
4ways,N21554,N64741,0.9867,0.9468,0.8658,0.7568,0.6489,0.5601,0.4938,0.4464,0.4131,0.3897,0.3732,0.3617
4ways,N26319,N83433,0.0067,0.0273,0.0719,0.1385,0.213,0.282,0.3388,0.3827,0.4154,0.4392,0.4564,0.4688
4ways,N26319,N93526,0.9933,0.9727,0.9281,0.8615,0.787,0.718,0.6612,0.6173,0.5846,0.5608,0.5436,0.5312
4ways,N60447,N57637,0.5,0.5,0.5,0.5,0.5,0.5,0.5,0.5,0.5,0.5,0.5,0.5
4ways,N60447,N20174,0.5,0.5,0.5,0.5,0.5,0.5,0.5,0.5,0.5,0.5,0.5,0.5
4ways,N61169,N97788,0.0,0.0,0.0005,0.0041,0.0191,0.054,0.1061,0.1614,0.2088,0.245,0.271,0.2894
4ways,N61169,N39247,0.0,0.0,0.0005,0.0041,0.0191,0.054,0.1061,0.1614,0.2088,0.245,0.271,0.2894
4ways,N61169,N66641,1.0,1.0,0.9991,0.9918,0.9619,0.8919,0.7879,0.6772,0.5824,0.51,0.4579,0.4211
4ways,N29748,N38171,0.0,0.0,0.0005,0.0041,0.0194,0.0571,0.1186,0.1925,0.2639,0.3245,0.3718,0.4073
4ways,N29748,N21112,1.0,1.0,0.9995,0.9959,0.9806,0.9429,0.8814,0.8075,0.7361,0.6755,0.6282,0.5927
4ways,N20811,N50954,1.0,0.9992,0.994,0.9748,0.9318,0.8664,0.792,0.7223,0.6646,0.6198,0.5865,0.5622
4ways,N20811,N30238,0.0,0.0008,0.006,0.0252,0.0682,0.1336,0.208,0.2777,0.3354,0.3802,0.4135,0.4378
4ways,N25416,N46107,0.9933,0.9727,0.9281,0.8615,0.787,0.718,0.6612,0.6173,0.5846,0.5608,0.5436,0.5312
4ways,N25416,N67687,0.0067,0.0273,0.0719,0.1385,0.213,0.282,0.3388,0.3827,0.4154,0.4392,0.4564,0.4688
4ways,N38655,N79056,1.0,1.0,0.9995,0.9959,0.9806,0.9429,0.8814,0.8075,0.7361,0.6755,0.6282,0.5927
4ways,N38655,N22842,0.0,0.0,0.0005,0.0041,0.0194,0.0571,0.1186,0.1925,0.2639,0.3245,0.3718,0.4073
4ways,N81529,N85196,0.0067,0.0273,0.0719,0.1385,0.213,0.282,0.3388,0.3827,0.4154,0.4392,0.4564,0.4688
4ways,N81529,N19126,0.9933,0.9727,0.9281,0.8615,0.787,0.718,0.6612,0.6173,0.5846,0.5608,0.5436,0.5312
4ways,N95080,N88611,0.0,0.0,0.0005,0.0041,0.0194,0.0571,0.1186,0.1925,0.2639,0.3245,0.3718,0.4073
4ways,N95080,N18220,1.0,1.0,0.9995,0.9959,0.9806,0.9429,0.8814,0.8075,0.7361,0.6755,0.6282,0.5927
4ways,N22474,N35001,1.0,0.9992,0.994,0.9748,0.9318,0.8664,0.792,0.7223,0.6646,0.6198,0.5865,0.5622
4ways,N22474,N29539,0.0,0.0008,0.006,0.0252,0.0682,0.1336,0.208,0.2777,0.3354,0.3802,0.4135,0.4378
4ways,N99878,N73325,0.9933,0.9727,0.9281,0.8615,0.787,0.718,0.6612,0.6173,0.5846,0.5608,0.5436,0.5312
4ways,N99878,N57901,0.0067,0.0273,0.0719,0.1385,0.213,0.282,0.3388,0.3827,0.4154,0.4392,0.4564,0.4688
4ways,N60238,N13644,1.0,1.0,0.9995,0.9959,0.9806,0.9429,0.8814,0.8075,0.7361,0.6755,0.6282,0.5927
4ways,N60238,N33016,0.0,0.0,0.0005,0.0041,0.0194,0.0571,0.1186,0.1925,0.2639,0.3245,0.3718,0.4073
4ways,N70552,N17060,1.0,0.9992,0.994,0.9748,0.9318,0.8664,0.792,0.7223,0.6646,0.6198,0.5865,0.5622
4ways,N70552,N30543,0.0,0.0008,0.006,0.0252,0.0682,0.1336,0.208,0.2777,0.3354,0.3802,0.4135,0.4378
4ways,N70945,N40273,0.9933,0.9727,0.9281,0.8615,0.787,0.718,0.6612,0.6173,0.5846,0.5608,0.5436,0.5312
4ways,N70945,N45998,0.0067,0.0273,0.0719,0.1385,0.213,0.282,0.3388,0.3827,0.4154,0.4392,0.4564,0.4688
4ways,N19695,N43251,1.0,1.0,0.9995,0.9959,0.9806,0.9429,0.8814,0.8075,0.7361,0.6755,0.6282,0.5927
4ways,N19695,N68434,0.0,0.0,0.0005,0.0041,0.0194,0.0571,0.1186,0.1925,0.2639,0.3245,0.3718,0.4073
4ways,N68334,N75021,0.5,0.5,0.5,0.5,0.5,0.5,0.5,0.5,0.5,0.5,0.5,0.5
4ways,N68334,N55430,0.5,0.5,0.5,0.5,0.5,0.5,0.5,0.5,0.5,0.5,0.5,0.5
4ways,N14860,N96551,0.0067,0.0273,0.0719,0.1385,0.213,0.282,0.3388,0.3827,0.4154,0.4392,0.4564,0.4688
4ways,N14860,N32558,0.9933,0.9727,0.9281,0.8615,0.787,0.718,0.6612,0.6173,0.5846,0.5608,0.5436,0.5312
4ways,N67846,N51445,0.0067,0.0273,0.0719,0.1385,0.213,0.282,0.3388,0.3827,0.4154,0.4392,0.4564,0.4688
4ways,N67846,N48696,0.9933,0.9727,0.9281,0.8615,0.787,0.718,0.6612,0.6173,0.5846,0.5608,0.5436,0.5312
4ways,N79384,N70045,0.5,0.5,0.5,0.5,0.5,0.5,0.5,0.5,0.5,0.5,0.5,0.5
4ways,N79384,N56788,0.5,0.5,0.5,0.5,0.5,0.5,0.5,0.5,0.5,0.5,0.5,0.5
4ways,N99186,N27839,0.0,0.0,0.0005,0.0041,0.0194,0.0571,0.1186,0.1925,0.2639,0.3245,0.3718,0.4073
4ways,N99186,N60822,1.0,1.0,0.9995,0.9959,0.9806,0.9429,0.8814,0.8075,0.7361,0.6755,0.6282,0.5927
4ways,N84945,N65345,0.0,0.0,0.0005,0.0041,0.0194,0.0571,0.1186,0.1925,0.2639,0.3245,0.3718,0.4073
4ways,N84945,N27552,1.0,1.0,0.9995,0.9959,0.9806,0.9429,0.8814,0.8075,0.7361,0.6755,0.6282,0.5927
4ways,N24918,N79823,0.5,0.5,0.5,0.5,0.5,0.5,0.5,0.5,0.5,0.5,0.5,0.5
4ways,N24918,N96706,0.5,0.5,0.5,0.5,0.5,0.5,0.5,0.5,0.5,0.5,0.5,0.5
4ways,N77546,N54553,0.0067,0.0273,0.0719,0.1385,0.213,0.282,0.3388,0.3827,0.4154,0.4392,0.4564,0.4688
4ways,N77546,N39780,0.9933,0.9727,0.9281,0.8615,0.787,0.718,0.6612,0.6173,0.5846,0.5608,0.5436,0.5312
4ways,N16090,N26846,0.0067,0.0273,0.0719,0.1385,0.213,0.282,0.3388,0.3827,0.4154,0.4392,0.4564,0.4688
4ways,N16090,N66021,0.9933,0.9727,0.9281,0.8615,0.787,0.718,0.6612,0.6173,0.5846,0.5608,0.5436,0.5312
4ways,N64741,N21259,0.5,0.5,0.5,0.5,0.5,0.5,0.5,0.5,0.5,0.5,0.5,0.5
4ways,N64741,N92391,0.5,0.5,0.5,0.5,0.5,0.5,0.5,0.5,0.5,0.5,0.5,0.5
4ways,N83433,N11692,0.0067,0.0273,0.0719,0.1385,0.213,0.282,0.3388,0.3827,0.4154,0.4392,0.4564,0.4688
4ways,N83433,N85488,0.9933,0.9727,0.9281,0.8615,0.787,0.718,0.6612,0.6173,0.5846,0.5608,0.5436,0.5312
4ways,N57637,N98600,0.5,0.5,0.5,0.5,0.5,0.5,0.5,0.5,0.5,0.5,0.5,0.5
4ways,N57637,N85102,0.5,0.5,0.5,0.5,0.5,0.5,0.5,0.5,0.5,0.5,0.5,0.5
4ways,N97788,N44503,0.0,0.0,0.0005,0.0041,0.0194,0.0571,0.1186,0.1925,0.2639,0.3245,0.3718,0.4073
4ways,N97788,N24895,1.0,1.0,0.9995,0.9959,0.9806,0.9429,0.8814,0.8075,0.7361,0.6755,0.6282,0.5927
4ways,N39247,N47659,0.0,0.0,0.0005,0.0041,0.0194,0.0571,0.1186,0.1925,0.2639,0.3245,0.3718,0.4073
4ways,N39247,N91153,1.0,1.0,0.9995,0.9959,0.9806,0.9429,0.8814,0.8075,0.7361,0.6755,0.6282,0.5927
4ways,N66641,N39797,0.5,0.5,0.5,0.5,0.5,0.5,0.5,0.5,0.5,0.5,0.5,0.5
4ways,N66641,N17903,0.5,0.5,0.5,0.5,0.5,0.5,0.5,0.5,0.5,0.5,0.5,0.5
4ways,N38171,N79618,0.0,0.0,0.0005,0.0041,0.0194,0.0571,0.1186,0.1925,0.2639,0.3245,0.3718,0.4073
4ways,N38171,N92012,1.0,1.0,0.9995,0.9959,0.9806,0.9429,0.8814,0.8075,0.7361,0.6755,0.6282,0.5927
Equal_6vs6,N11226,N33423,0.5,0.5,0.5,0.5,0.5,0.5,0.5,0.5,0.5,0.5,0.5,0.5
Equal_6vs6,N11226,N12169,0.5,0.5,0.5,0.5,0.5,0.5,0.5,0.5,0.5,0.5,0.5,0.5
Equal_8vs3,N70001,N74194,0.0,0.0,0.0,0.0001,0.0014,0.0093,0.0341,0.0839,0.1532,0.2276,0.2944,0.3486
Equal_8vs3,N70001,N18204,1.0,1.0,1.0,0.9999,0.9986,0.9907,0.9659,0.9161,0.8468,0.7724,0.7056,0.6514
Equal_7vs9_mirror,N74301,N10790,0.0,0.0008,0.006,0.0252,0.0682,0.1336,0.208,0.2777,0.3354,0.3802,0.4135,0.4378
Equal_7vs9_mirror,N74301,N85381,1.0,0.9992,0.994,0.9748,0.9318,0.8664,0.792,0.7223,0.6646,0.6198,0.5865,0.5622
Equal_2vs5,N78389,N61252,0.0,0.0,0.0005,0.0041,0.0194,0.0571,0.1186,0.1925,0.2639,0.3245,0.3718,0.4073
Equal_2vs5,N78389,N23723,1.0,1.0,0.9995,0.9959,0.9806,0.9429,0.8814,0.8075,0.7361,0.6755,0.6282,0.5927
Equal_7vs9,N23168,N97931,0.0,0.0008,0.006,0.0252,0.0682,0.1336,0.208,0.2777,0.3354,0.3802,0.4135,0.4378
Equal_7vs9,N23168,N71964,1.0,0.9992,0.994,0.9748,0.9318,0.8664,0.792,0.7223,0.6646,0.6198,0.5865,0.5622
6vs2,N57320,N16786,0.0,0.0,0.0,0.0007,0.0053,0.0232,0.0645,0.1288,0.203,0.2733,0.332,0.3775
6vs2,N57320,N92511,1.0,1.0,1.0,0.9993,0.9947,0.9768,0.9355,0.8712,0.797,0.7267,0.668,0.6225
Equal_8vs8_mirror,N25275,N90121,0.0067,0.0273,0.0719,0.1385,0.213,0.282,0.3388,0.3827,0.4154,0.4392,0.4564,0.4688
Equal_8vs8_mirror,N25275,N19704,0.9933,0.9727,0.9281,0.8615,0.787,0.718,0.6612,0.6173,0.5846,0.5608,0.5436,0.5312
4vs1,N71706,N89283,0.0067,0.0273,0.0719,0.1385,0.213,0.282,0.3388,0.3827,0.4154,0.4392,0.4564,0.4688
4vs1,N71706,N66282,0.9933,0.9727,0.9281,0.8615,0.787,0.718,0.6612,0.6173,0.5846,0.5608,0.5436,0.5312
4vs1,N66282,N87450,0.9933,0.9727,0.9281,0.8615,0.787,0.718,0.6612,0.6173,0.5846,0.5608,0.5436,0.5312
4vs1,N66282,N37939,0.0067,0.0273,0.0719,0.1385,0.213,0.282,0.3388,0.3827,0.4154,0.4392,0.4564,0.4688
Equal_7vs2,N75113,N97490,0.0,0.0,0.0,0.0001,0.0014,0.0093,0.0341,0.0839,0.1532,0.2276,0.2944,0.3486
Equal_7vs2,N75113,N76871,1.0,1.0,1.0,0.9999,0.9986,0.9907,0.9659,0.9161,0.8468,0.7724,0.7056,0.6514
Equal_7vs2_mirror,N10437,N63818,0.0,0.0,0.0,0.0001,0.0014,0.0093,0.0341,0.0839,0.1532,0.2276,0.2944,0.3486
Equal_7vs2_mirror,N10437,N65890,1.0,1.0,1.0,0.9999,0.9986,0.9907,0.9659,0.9161,0.8468,0.7724,0.7056,0.6514
Equal_8vs3_mirror,N74322,N68066,0.0,0.0,0.0,0.0001,0.0014,0.0093,0.0341,0.0839,0.1532,0.2276,0.2944,0.3486
Equal_8vs3_mirror,N74322,N55102,1.0,1.0,1.0,0.9999,0.9986,0.9907,0.9659,0.9161,0.8468,0.7724,0.7056,0.6514
4ways_mirror,N71965,N55786,0.0,0.0,0.0005,0.004,0.0178,0.0475,0.0879,0.1281,0.1614,0.1866,0.2049,0.218
4ways_mirror,N71965,N68849,0.0,0.0,0.0005,0.004,0.0178,0.0475,0.0879,0.1281,0.1614,0.1866,0.2049,0.218
4ways_mirror,N71965,N87420,0.0,0.0008,0.006,0.025,0.0658,0.1209,0.1715,0.2066,0.2272,0.2383,0.244,0.247
4ways_mirror,N71965,N28069,1.0,0.9992,0.9931,0.967,0.8986,0.7841,0.6528,0.5373,0.4501,0.3885,0.3462,0.3171
4ways_mirror,N55786,N68398,0.0,0.0,0.0005,0.004,0.0181,0.0499,0.0963,0.1469,0.1924,0.2294,0.2577,0.2787
4ways_mirror,N55786,N22049,0.0,0.0008,0.006,0.0251,0.067,0.127,0.188,0.2369,0.2709,0.2929,0.3069,0.3158
4ways_mirror,N55786,N79058,1.0,0.9992,0.9936,0.9709,0.9149,0.8232,0.7157,0.6162,0.5367,0.4776,0.4354,0.4055
4ways_mirror,N68849,N28828,0.0,0.0,0.0005,0.004,0.0178,0.0475,0.0879,0.1281,0.1614,0.1866,0.2049,0.218
4ways_mirror,N68849,N48426,0.0,0.0,0.0005,0.004,0.0178,0.0475,0.0879,0.1281,0.1614,0.1866,0.2049,0.218
4ways_mirror,N68849,N16410,0.0,0.0008,0.006,0.025,0.0658,0.1209,0.1715,0.2066,0.2272,0.2383,0.244,0.247
4ways_mirror,N68849,N53771,1.0,0.9992,0.9931,0.967,0.8986,0.7841,0.6528,0.5373,0.4501,0.3885,0.3462,0.3171
4ways_mirror,N87420,N90986,1.0,1.0,0.9991,0.9918,0.9619,0.8919,0.7879,0.6772,0.5824,0.51,0.4579,0.4211
4ways_mirror,N87420,N68046,0.0,0.0,0.0005,0.0041,0.0191,0.054,0.1061,0.1614,0.2088,0.245,0.271,0.2894
4ways_mirror,N87420,N93564,0.0,0.0,0.0005,0.0041,0.0191,0.054,0.1061,0.1614,0.2088,0.245,0.271,0.2894
4ways_mirror,N28069,N21757,0.9867,0.9468,0.8658,0.7568,0.6489,0.5601,0.4938,0.4464,0.4131,0.3897,0.3732,0.3617
4ways_mirror,N28069,N22145,0.0066,0.0266,0.0671,0.1216,0.1756,0.22,0.2531,0.2768,0.2935,0.3052,0.3134,0.3192
4ways_mirror,N28069,N71364,0.0066,0.0266,0.0671,0.1216,0.1756,0.22,0.2531,0.2768,0.2935,0.3052,0.3134,0.3192
4ways_mirror,N68398,N60588,0.0,0.0,0.0005,0.004,0.0181,0.0499,0.0963,0.1469,0.1924,0.2294,0.2577,0.2787
4ways_mirror,N68398,N23137,0.0,0.0008,0.006,0.0251,0.067,0.127,0.188,0.2369,0.2709,0.2929,0.3069,0.3158
4ways_mirror,N68398,N79304,1.0,0.9992,0.9936,0.9709,0.9149,0.8232,0.7157,0.6162,0.5367,0.4776,0.4354,0.4055
4ways_mirror,N22049,N94824,1.0,1.0,0.9995,0.9959,0.9806,0.9429,0.8814,0.8075,0.7361,0.6755,0.6282,0.5927
4ways_mirror,N22049,N37493,0.0,0.0,0.0005,0.0041,0.0194,0.0571,0.1186,0.1925,0.2639,0.3245,0.3718,0.4073
4ways_mirror,N79058,N46312,0.9933,0.9727,0.9281,0.8615,0.787,0.718,0.6612,0.6173,0.5846,0.5608,0.5436,0.5312
4ways_mirror,N79058,N31173,0.0067,0.0273,0.0719,0.1385,0.213,0.282,0.3388,0.3827,0.4154,0.4392,0.4564,0.4688
4ways_mirror,N28828,N75273,0.0,0.0,0.0005,0.004,0.0181,0.0499,0.0963,0.1469,0.1924,0.2294,0.2577,0.2787
4ways_mirror,N28828,N37033,0.0,0.0008,0.006,0.0251,0.067,0.127,0.188,0.2369,0.2709,0.2929,0.3069,0.3158
4ways_mirror,N28828,N88234,1.0,0.9992,0.9936,0.9709,0.9149,0.8232,0.7157,0.6162,0.5367,0.4776,0.4354,0.4055
4ways_mirror,N48426,N41451,0.0,0.0,0.0005,0.004,0.0181,0.0499,0.0963,0.1469,0.1924,0.2294,0.2577,0.2787
4ways_mirror,N48426,N27413,0.0,0.0008,0.006,0.0251,0.067,0.127,0.188,0.2369,0.2709,0.2929,0.3069,0.3158
4ways_mirror,N48426,N45999,1.0,0.9992,0.9936,0.9709,0.9149,0.8232,0.7157,0.6162,0.5367,0.4776,0.4354,0.4055
4ways_mirror,N16410,N32267,1.0,1.0,0.9991,0.9918,0.9619,0.8919,0.7879,0.6772,0.5824,0.51,0.4579,0.4211
4ways_mirror,N16410,N87145,0.0,0.0,0.0005,0.0041,0.0191,0.054,0.1061,0.1614,0.2088,0.245,0.271,0.2894
4ways_mirror,N16410,N55789,0.0,0.0,0.0005,0.0041,0.0191,0.054,0.1061,0.1614,0.2088,0.245,0.271,0.2894
4ways_mirror,N53771,N38229,0.9867,0.9468,0.8658,0.7568,0.6489,0.5601,0.4938,0.4464,0.4131,0.3897,0.3732,0.3617
4ways_mirror,N53771,N15390,0.0066,0.0266,0.0671,0.1216,0.1756,0.22,0.2531,0.2768,0.2935,0.3052,0.3134,0.3192
4ways_mirror,N53771,N65464,0.0066,0.0266,0.0671,0.1216,0.1756,0.22,0.2531,0.2768,0.2935,0.3052,0.3134,0.3192
4ways_mirror,N90986,N21041,0.5,0.5,0.5,0.5,0.5,0.5,0.5,0.5,0.5,0.5,0.5,0.5
4ways_mirror,N90986,N47798,0.5,0.5,0.5,0.5,0.5,0.5,0.5,0.5,0.5,0.5,0.5,0.5
4ways_mirror,N68046,N53960,0.0,0.0,0.0005,0.0041,0.0191,0.054,0.1061,0.1614,0.2088,0.245,0.271,0.2894
4ways_mirror,N68046,N42350,0.0,0.0,0.0005,0.0041,0.0191,0.054,0.1061,0.1614,0.2088,0.245,0.271,0.2894
4ways_mirror,N68046,N46824,1.0,1.0,0.9991,0.9918,0.9619,0.8919,0.7879,0.6772,0.5824,0.51,0.4579,0.4211
4ways_mirror,N93564,N47858,0.0,0.0,0.0005,0.0041,0.0194,0.0571,0.1186,0.1925,0.2639,0.3245,0.3718,0.4073
4ways_mirror,N93564,N31791,1.0,1.0,0.9995,0.9959,0.9806,0.9429,0.8814,0.8075,0.7361,0.6755,0.6282,0.5927
4ways_mirror,N21757,N19849,0.5,0.5,0.5,0.5,0.5,0.5,0.5,0.5,0.5,0.5,0.5,0.5
4ways_mirror,N21757,N36492,0.5,0.5,0.5,0.5,0.5,0.5,0.5,0.5,0.5,0.5,0.5,0.5
4ways_mirror,N22145,N91361,0.0066,0.0266,0.0671,0.1216,0.1756,0.22,0.2531,0.2768,0.2935,0.3052,0.3134,0.3192
4ways_mirror,N22145,N78667,0.0066,0.0266,0.0671,0.1216,0.1756,0.22,0.2531,0.2768,0.2935,0.3052,0.3134,0.3192
4ways_mirror,N22145,N30701,0.9867,0.9468,0.8658,0.7568,0.6489,0.5601,0.4938,0.4464,0.4131,0.3897,0.3732,0.3617
4ways_mirror,N71364,N79447,0.0067,0.0273,0.0719,0.1385,0.213,0.282,0.3388,0.3827,0.4154,0.4392,0.4564,0.4688
4ways_mirror,N71364,N18846,0.9933,0.9727,0.9281,0.8615,0.787,0.718,0.6612,0.6173,0.5846,0.5608,0.5436,0.5312
4ways_mirror,N60588,N60795,0.0,0.0008,0.006,0.0252,0.0682,0.1336,0.208,0.2777,0.3354,0.3802,0.4135,0.4378
4ways_mirror,N60588,N29964,1.0,0.9992,0.994,0.9748,0.9318,0.8664,0.792,0.7223,0.6646,0.6198,0.5865,0.5622
4ways_mirror,N23137,N74083,1.0,1.0,0.9995,0.9959,0.9806,0.9429,0.8814,0.8075,0.7361,0.6755,0.6282,0.5927
4ways_mirror,N23137,N52837,0.0,0.0,0.0005,0.0041,0.0194,0.0571,0.1186,0.1925,0.2639,0.3245,0.3718,0.4073
4ways_mirror,N79304,N96924,0.9933,0.9727,0.9281,0.8615,0.787,0.718,0.6612,0.6173,0.5846,0.5608,0.5436,0.5312
4ways_mirror,N79304,N54084,0.0067,0.0273,0.0719,0.1385,0.213,0.282,0.3388,0.3827,0.4154,0.4392,0.4564,0.4688
4ways_mirror,N37493,N63557,0.0,0.0,0.0005,0.0041,0.0194,0.0571,0.1186,0.1925,0.2639,0.3245,0.3718,0.4073
4ways_mirror,N37493,N26073,1.0,1.0,0.9995,0.9959,0.9806,0.9429,0.8814,0.8075,0.7361,0.6755,0.6282,0.5927
4ways_mirror,N31173,N87853,0.0067,0.0273,0.0719,0.1385,0.213,0.282,0.3388,0.3827,0.4154,0.4392,0.4564,0.4688
4ways_mirror,N31173,N87991,0.9933,0.9727,0.9281,0.8615,0.787,0.718,0.6612,0.6173,0.5846,0.5608,0.5436,0.5312
4ways_mirror,N75273,N29231,0.0,0.0008,0.006,0.0252,0.0682,0.1336,0.208,0.2777,0.3354,0.3802,0.4135,0.4378
4ways_mirror,N75273,N70739,1.0,0.9992,0.994,0.9748,0.9318,0.8664,0.792,0.7223,0.6646,0.6198,0.5865,0.5622
4ways_mirror,N37033,N47116,1.0,1.0,0.9995,0.9959,0.9806,0.9429,0.8814,0.8075,0.7361,0.6755,0.6282,0.5927
4ways_mirror,N37033,N30208,0.0,0.0,0.0005,0.0041,0.0194,0.0571,0.1186,0.1925,0.2639,0.3245,0.3718,0.4073
4ways_mirror,N88234,N36457,0.9933,0.9727,0.9281,0.8615,0.787,0.718,0.6612,0.6173,0.5846,0.5608,0.5436,0.5312
4ways_mirror,N88234,N93228,0.0067,0.0273,0.0719,0.1385,0.213,0.282,0.3388,0.3827,0.4154,0.4392,0.4564,0.4688
4ways_mirror,N41451,N22471,0.0,0.0008,0.006,0.0252,0.0682,0.1336,0.208,0.2777,0.3354,0.3802,0.4135,0.4378
4ways_mirror,N41451,N31588,1.0,0.9992,0.994,0.9748,0.9318,0.8664,0.792,0.7223,0.6646,0.6198,0.5865,0.5622
4ways_mirror,N27413,N80310,1.0,1.0,0.9995,0.9959,0.9806,0.9429,0.8814,0.8075,0.7361,0.6755,0.6282,0.5927
4ways_mirror,N27413,N40338,0.0,0.0,0.0005,0.0041,0.0194,0.0571,0.1186,0.1925,0.2639,0.3245,0.3718,0.4073
4ways_mirror,N45999,N49560,0.9933,0.9727,0.9281,0.8615,0.787,0.718,0.6612,0.6173,0.5846,0.5608,0.5436,0.5312
4ways_mirror,N45999,N24311,0.0067,0.0273,0.0719,0.1385,0.213,0.282,0.3388,0.3827,0.4154,0.4392,0.4564,0.4688
4ways_mirror,N32267,N57126,0.5,0.5,0.5,0.5,0.5,0.5,0.5,0.5,0.5,0.5,0.5,0.5
4ways_mirror,N32267,N79544,0.5,0.5,0.5,0.5,0.5,0.5,0.5,0.5,0.5,0.5,0.5,0.5
4ways_mirror,N87145,N47247,0.0,0.0,0.0005,0.0041,0.0194,0.0571,0.1186,0.1925,0.2639,0.3245,0.3718,0.4073
4ways_mirror,N87145,N56814,1.0,1.0,0.9995,0.9959,0.9806,0.9429,0.8814,0.8075,0.7361,0.6755,0.6282,0.5927
4ways_mirror,N55789,N65639,0.0,0.0,0.0005,0.0041,0.0194,0.0571,0.1186,0.1925,0.2639,0.3245,0.3718,0.4073
4ways_mirror,N55789,N65017,1.0,1.0,0.9995,0.9959,0.9806,0.9429,0.8814,0.8075,0.7361,0.6755,0.6282,0.5927
4ways_mirror,N38229,N37405,0.5,0.5,0.5,0.5,0.5,0.5,0.5,0.5,0.5,0.5,0.5,0.5
4ways_mirror,N38229,N17573,0.5,0.5,0.5,0.5,0.5,0.5,0.5,0.5,0.5,0.5,0.5,0.5
4ways_mirror,N15390,N51337,0.0067,0.0273,0.0719,0.1385,0.213,0.282,0.3388,0.3827,0.4154,0.4392,0.4564,0.4688
4ways_mirror,N15390,N62990,0.9933,0.9727,0.9281,0.8615,0.787,0.718,0.6612,0.6173,0.5846,0.5608,0.5436,0.5312
4ways_mirror,N65464,N61864,0.0067,0.0273,0.0719,0.1385,0.213,0.282,0.3388,0.3827,0.4154,0.4392,0.4564,0.4688
4ways_mirror,N65464,N89454,0.9933,0.9727,0.9281,0.8615,0.787,0.718,0.6612,0.6173,0.5846,0.5608,0.5436,0.5312
4ways_mirror,N21041,N48290,0.5,0.5,0.5,0.5,0.5,0.5,0.5,0.5,0.5,0.5,0.5,0.5
4ways_mirror,N21041,N40989,0.5,0.5,0.5,0.5,0.5,0.5,0.5,0.5,0.5,0.5,0.5,0.5
4ways_mirror,N53960,N81689,0.0,0.0,0.0005,0.0041,0.0194,0.0571,0.1186,0.1925,0.2639,0.3245,0.3718,0.4073
4ways_mirror,N53960,N32447,1.0,1.0,0.9995,0.9959,0.9806,0.9429,0.8814,0.8075,0.7361,0.6755,0.6282,0.5927
4ways_mirror,N42350,N29704,0.0,0.0,0.0005,0.0041,0.0194,0.0571,0.1186,0.1925,0.2639,0.3245,0.3718,0.4073
4ways_mirror,N42350,N58755,1.0,1.0,0.9995,0.9959,0.9806,0.9429,0.8814,0.8075,0.7361,0.6755,0.6282,0.5927
4ways_mirror,N46824,N89645,0.5,0.5,0.5,0.5,0.5,0.5,0.5,0.5,0.5,0.5,0.5,0.5
4ways_mirror,N46824,N47373,0.5,0.5,0.5,0.5,0.5,0.5,0.5,0.5,0.5,0.5,0.5,0.5
4ways_mirror,N47858,N73898,0.0,0.0,0.0005,0.0041,0.0194,0.0571,0.1186,0.1925,0.2639,0.3245,0.3718,0.4073
4ways_mirror,N47858,N23123,1.0,1.0,0.9995,0.9959,0.9806,0.9429,0.8814,0.8075,0.7361,0.6755,0.6282,0.5927
4ways_mirror,N19849,N53360,0.5,0.5,0.5,0.5,0.5,0.5,0.5,0.5,0.5,0.5,0.5,0.5
4ways_mirror,N19849,N46264,0.5,0.5,0.5,0.5,0.5,0.5,0.5,0.5,0.5,0.5,0.5,0.5
4ways_mirror,N91361,N32948,0.0067,0.0273,0.0719,0.1385,0.213,0.282,0.3388,0.3827,0.4154,0.4392,0.4564,0.4688
4ways_mirror,N91361,N52201,0.9933,0.9727,0.9281,0.8615,0.787,0.718,0.6612,0.6173,0.5846,0.5608,0.5436,0.5312
4ways_mirror,N78667,N17951,0.0067,0.0273,0.0719,0.1385,0.213,0.282,0.3388,0.3827,0.4154,0.4392,0.4564,0.4688
4ways_mirror,N78667,N99164,0.9933,0.9727,0.9281,0.8615,0.787,0.718,0.6612,0.6173,0.5846,0.5608,0.5436,0.5312
4ways_mirror,N30701,N89074,0.5,0.5,0.5,0.5,0.5,0.5,0.5,0.5,0.5,0.5,0.5,0.5
4ways_mirror,N30701,N55188,0.5,0.5,0.5,0.5,0.5,0.5,0.5,0.5,0.5,0.5,0.5,0.5
4ways_mirror,N79447,N95306,0.0067,0.0273,0.0719,0.1385,0.213,0.282,0.3388,0.3827,0.4154,0.4392,0.4564,0.4688
4ways_mirror,N79447,N50638,0.9933,0.9727,0.9281,0.8615,0.787,0.718,0.6612,0.6173,0.5846,0.5608,0.5436,0.5312
3ways_3_mirror,N20346,N38661,0.0,0.0008,0.0059,0.0246,0.0639,0.1179,0.1722,0.2173,0.2512,0.2754,0.2925,0.3045
3ways_3_mirror,N20346,N57426,0.0,0.0008,0.0059,0.0246,0.0639,0.1179,0.1722,0.2173,0.2512,0.2754,0.2925,0.3045
3ways_3_mirror,N20346,N98561,0.9999,0.9984,0.9881,0.9509,0.8723,0.7642,0.6556,0.5653,0.4977,0.4491,0.4149,0.391
3ways_3_mirror,N38661,N51373,0.0,0.0,0.0005,0.004,0.0181,0.0499,0.0963,0.1469,0.1924,0.2294,0.2577,0.2787
3ways_3_mirror,N38661,N82112,0.0,0.0008,0.006,0.0251,0.067,0.127,0.188,0.2369,0.2709,0.2929,0.3069,0.3158
3ways_3_mirror,N38661,N42857,1.0,0.9992,0.9936,0.9709,0.9149,0.8232,0.7157,0.6162,0.5367,0.4776,0.4354,0.4055
3ways_3_mirror,N57426,N38351,1.0,0.9992,0.994,0.9748,0.9318,0.8664,0.792,0.7223,0.6646,0.6198,0.5865,0.5622
3ways_3_mirror,N57426,N48636,0.0,0.0008,0.006,0.0252,0.0682,0.1336,0.208,0.2777,0.3354,0.3802,0.4135,0.4378
3ways_3_mirror,N98561,N92027,0.5,0.5,0.5,0.5,0.5,0.5,0.5,0.5,0.5,0.5,0.5,0.5
3ways_3_mirror,N98561,N98315,0.5,0.5,0.5,0.5,0.5,0.5,0.5,0.5,0.5,0.5,0.5,0.5
3ways_3_mirror,N51373,N99885,0.0,0.0008,0.006,0.0252,0.0682,0.1336,0.208,0.2777,0.3354,0.3802,0.4135,0.4378
3ways_3_mirror,N51373,N30323,1.0,0.9992,0.994,0.9748,0.9318,0.8664,0.792,0.7223,0.6646,0.6198,0.5865,0.5622
3ways_3_mirror,N82112,N36667,1.0,1.0,0.9995,0.9959,0.9806,0.9429,0.8814,0.8075,0.7361,0.6755,0.6282,0.5927
3ways_3_mirror,N82112,N12726,0.0,0.0,0.0005,0.0041,0.0194,0.0571,0.1186,0.1925,0.2639,0.3245,0.3718,0.4073
3ways_3_mirror,N42857,N34852,0.9933,0.9727,0.9281,0.8615,0.787,0.718,0.6612,0.6173,0.5846,0.5608,0.5436,0.5312
3ways_3_mirror,N42857,N18946,0.0067,0.0273,0.0719,0.1385,0.213,0.282,0.3388,0.3827,0.4154,0.4392,0.4564,0.4688
3ways_3_mirror,N48636,N62524,0.0,0.0,0.0005,0.0041,0.0194,0.0571,0.1186,0.1925,0.2639,0.3245,0.3718,0.4073
3ways_3_mirror,N48636,N85330,1.0,1.0,0.9995,0.9959,0.9806,0.9429,0.8814,0.8075,0.7361,0.6755,0.6282,0.5927
3ways_3_mirror,N98315,N78143,0.0067,0.0273,0.0719,0.1385,0.213,0.282,0.3388,0.3827,0.4154,0.4392,0.4564,0.4688
3ways_3_mirror,N98315,N73577,0.9933,0.9727,0.9281,0.8615,0.787,0.718,0.6612,0.6173,0.5846,0.5608,0.5436,0.5312
Equal_4vs2_mirror,N96084,N46118,0.0,0.0008,0.006,0.0252,0.0682,0.1336,0.208,0.2777,0.3354,0.3802,0.4135,0.4378
Equal_4vs2_mirror,N96084,N60971,1.0,0.9992,0.994,0.9748,0.9318,0.8664,0.792,0.7223,0.6646,0.6198,0.5865,0.5622
Loop_2,N31422,N95626,0.0,0.0,0.0,0.0001,0.0014,0.0092,0.033,0.0774,0.1329,0.1854,0.2275,0.2585
Loop_2,N31422,N65814,0.0,0.0,0.0,0.0001,0.0014,0.0092,0.033,0.0774,0.1329,0.1854,0.2275,0.2585
Loop_2,N31422,N21081,1.0,1.0,1.0,0.9998,0.9971,0.9817,0.934,0.8451,0.7342,0.6293,0.5451,0.483
Loop_2,N21081,N94189,0.5,0.5,0.5,0.5,0.5,0.5,0.5,0.5,0.5,0.5,0.5,0.5
Loop_2,N21081,N45730,0.5,0.5,0.5,0.5,0.5,0.5,0.5,0.5,0.5,0.5,0.5,0.5
Loop_1_mirror,N75545,N24917,0.0,0.0,0.0,0.0001,0.0014,0.0092,0.033,0.0774,0.1329,0.1854,0.2275,0.2585
Loop_1_mirror,N75545,N40181,0.0,0.0,0.0,0.0001,0.0014,0.0092,0.033,0.0774,0.1329,0.1854,0.2275,0.2585
Loop_1_mirror,N75545,N24183,1.0,1.0,1.0,0.9998,0.9971,0.9817,0.934,0.8451,0.7342,0.6293,0.5451,0.483
Loop_1_mirror,N24183,N91491,0.5,0.5,0.5,0.5,0.5,0.5,0.5,0.5,0.5,0.5,0.5,0.5
Loop_1_mirror,N24183,N94758,0.5,0.5,0.5,0.5,0.5,0.5,0.5,0.5,0.5,0.5,0.5,0.5
3ways_4_mirror,N40560,N34466,0.0,0.0008,0.0059,0.0246,0.0639,0.1179,0.1722,0.2173,0.2512,0.2754,0.2925,0.3045
3ways_4_mirror,N40560,N92681,0.9999,0.9984,0.9881,0.9509,0.8723,0.7642,0.6556,0.5653,0.4977,0.4491,0.4149,0.391
3ways_4_mirror,N40560,N81346,0.0,0.0008,0.0059,0.0246,0.0639,0.1179,0.1722,0.2173,0.2512,0.2754,0.2925,0.3045
3ways_4_mirror,N34466,N29622,1.0,0.9992,0.994,0.9748,0.9318,0.8664,0.792,0.7223,0.6646,0.6198,0.5865,0.5622
3ways_4_mirror,N34466,N46583,0.0,0.0008,0.006,0.0252,0.0682,0.1336,0.208,0.2777,0.3354,0.3802,0.4135,0.4378
3ways_4_mirror,N92681,N31638,0.5,0.5,0.5,0.5,0.5,0.5,0.5,0.5,0.5,0.5,0.5,0.5
3ways_4_mirror,N92681,N67014,0.5,0.5,0.5,0.5,0.5,0.5,0.5,0.5,0.5,0.5,0.5,0.5
3ways_4_mirror,N81346,N70291,1.0,0.9992,0.994,0.9748,0.9318,0.8664,0.792,0.7223,0.6646,0.6198,0.5865,0.5622
3ways_4_mirror,N81346,N67187,0.0,0.0008,0.006,0.0252,0.0682,0.1336,0.208,0.2777,0.3354,0.3802,0.4135,0.4378
Loop_1,N62643,N98452,0.0,0.0,0.0,0.0001,0.0014,0.0092,0.033,0.0774,0.1329,0.1854,0.2275,0.2585
Loop_1,N62643,N30259,0.0,0.0,0.0,0.0001,0.0014,0.0092,0.033,0.0774,0.1329,0.1854,0.2275,0.2585
Loop_1,N62643,N46040,1.0,1.0,1.0,0.9998,0.9971,0.9817,0.934,0.8451,0.7342,0.6293,0.5451,0.483
Loop_1,N46040,N16375,0.5,0.5,0.5,0.5,0.5,0.5,0.5,0.5,0.5,0.5,0.5,0.5
Loop_1,N46040,N69766,0.5,0.5,0.5,0.5,0.5,0.5,0.5,0.5,0.5,0.5,0.5,0.5
Equal_6vs3_mirror,N36202,N79961,0.0067,0.0273,0.0719,0.1385,0.213,0.282,0.3388,0.3827,0.4154,0.4392,0.4564,0.4688
Equal_6vs3_mirror,N36202,N11570,0.9933,0.9727,0.9281,0.8615,0.787,0.718,0.6612,0.6173,0.5846,0.5608,0.5436,0.5312
Equal_6vs3_mirror,N11570,N88455,0.0066,0.0259,0.0629,0.1084,0.1493,0.1803,0.202,0.2168,0.2269,0.2338,0.2386,0.2419
Equal_6vs3_mirror,N11570,N34903,0.0066,0.0259,0.0629,0.1084,0.1493,0.1803,0.202,0.2168,0.2269,0.2338,0.2386,0.2419
Equal_6vs3_mirror,N11570,N21423,0.0066,0.0259,0.0629,0.1084,0.1493,0.1803,0.202,0.2168,0.2269,0.2338,0.2386,0.2419
Equal_6vs3_mirror,N11570,N26950,0.9802,0.9222,0.8114,0.6747,0.552,0.4591,0.3941,0.3496,0.3194,0.2986,0.2842,0.2742
Equal_6vs3_mirror,N23503,N12838,0.3333,0.3333,0.3333,0.3333,0.3333,0.3333,0.3333,0.3333,0.3333,0.3333,0.3333,0.3333
Equal_6vs3_mirror,N23503,N61379,0.3333,0.3333,0.3333,0.3333,0.3333,0.3333,0.3333,0.3333,0.3333,0.3333,0.3333,0.3333
Equal_6vs3_mirror,N23503,N24217,0.3333,0.3333,0.3333,0.3333,0.3333,0.3333,0.3333,0.3333,0.3333,0.3333,0.3333,0.3333
Equal_6vs3_mirror,N26950,N86756,0.3333,0.3333,0.3333,0.3333,0.3333,0.3333,0.3333,0.3333,0.3333,0.3333,0.3333,0.3333
Equal_6vs3_mirror,N26950,N31827,0.3333,0.3333,0.3333,0.3333,0.3333,0.3333,0.3333,0.3333,0.3333,0.3333,0.3333,0.3333
Equal_6vs3_mirror,N26950,N97383,0.3333,0.3333,0.3333,0.3333,0.3333,0.3333,0.3333,0.3333,0.3333,0.3333,0.3333,0.3333
4vs1_mirror,N18929,N32469,0.0067,0.0273,0.0719,0.1385,0.213,0.282,0.3388,0.3827,0.4154,0.4392,0.4564,0.4688
4vs1_mirror,N18929,N66250,0.9933,0.9727,0.9281,0.8615,0.787,0.718,0.6612,0.6173,0.5846,0.5608,0.5436,0.5312
4vs1_mirror,N66250,N14639,0.9933,0.9727,0.9281,0.8615,0.787,0.718,0.6612,0.6173,0.5846,0.5608,0.5436,0.5312
4vs1_mirror,N66250,N48874,0.0067,0.0273,0.0719,0.1385,0.213,0.282,0.3388,0.3827,0.4154,0.4392,0.4564,0.4688
3ways_4,N10778,N17119,0.0,0.0008,0.0059,0.0246,0.0639,0.1179,0.1722,0.2173,0.2512,0.2754,0.2925,0.3045
3ways_4,N10778,N41301,0.9999,0.9984,0.9881,0.9509,0.8723,0.7642,0.6556,0.5653,0.4977,0.4491,0.4149,0.391
3ways_4,N10778,N11146,0.0,0.0008,0.0059,0.0246,0.0639,0.1179,0.1722,0.2173,0.2512,0.2754,0.2925,0.3045
3ways_4,N17119,N92843,1.0,0.9992,0.994,0.9748,0.9318,0.8664,0.792,0.7223,0.6646,0.6198,0.5865,0.5622
3ways_4,N17119,N61586,0.0,0.0008,0.006,0.0252,0.0682,0.1336,0.208,0.2777,0.3354,0.3802,0.4135,0.4378
3ways_4,N41301,N48312,0.5,0.5,0.5,0.5,0.5,0.5,0.5,0.5,0.5,0.5,0.5,0.5
3ways_4,N41301,N52598,0.5,0.5,0.5,0.5,0.5,0.5,0.5,0.5,0.5,0.5,0.5,0.5
3ways_4,N11146,N27397,1.0,0.9992,0.994,0.9748,0.9318,0.8664,0.792,0.7223,0.6646,0.6198,0.5865,0.5622
3ways_4,N11146,N88526,0.0,0.0008,0.006,0.0252,0.0682,0.1336,0.208,0.2777,0.3354,0.3802,0.4135,0.4378
Equal_6vs6_mirror,N64290,N31979,0.5,0.5,0.5,0.5,0.5,0.5,0.5,0.5,0.5,0.5,0.5,0.5
Equal_6vs6_mirror,N64290,N99197,0.5,0.5,0.5,0.5,0.5,0.5,0.5,0.5,0.5,0.5,0.5,0.5
3ways_1_mirror,N57322,N72074,0.0,0.0,0.0,0.0001,0.0013,0.008,0.0272,0.0621,0.1074,0.1544,0.1966,0.2313
3ways_1_mirror,N57322,N76155,0.0,0.0008,0.006,0.0252,0.0681,0.1326,0.2024,0.2604,0.2994,0.3215,0.3322,0.3366
3ways_1_mirror,N57322,N49197,1.0,0.9992,0.994,0.9747,0.9305,0.8594,0.7704,0.6775,0.5932,0.5241,0.4712,0.4321
3ways_1_mirror,N72074,N44785,0.0,0.0008,0.006,0.0252,0.0682,0.1336,0.208,0.2777,0.3354,0.3802,0.4135,0.4378
3ways_1_mirror,N72074,N25579,1.0,0.9992,0.994,0.9748,0.9318,0.8664,0.792,0.7223,0.6646,0.6198,0.5865,0.5622
3ways_1_mirror,N76155,N71411,1.0,1.0,1.0,0.9999,0.9986,0.9907,0.9659,0.9161,0.8468,0.7724,0.7056,0.6514
3ways_1_mirror,N76155,N50448,0.0,0.0,0.0,0.0001,0.0014,0.0093,0.0341,0.0839,0.1532,0.2276,0.2944,0.3486
3ways_1_mirror,N49197,N83903,1.0,1.0,0.9995,0.9959,0.9806,0.9429,0.8814,0.8075,0.7361,0.6755,0.6282,0.5927
3ways_1_mirror,N49197,N45565,0.0,0.0,0.0005,0.0041,0.0194,0.0571,0.1186,0.1925,0.2639,0.3245,0.3718,0.4073
6vs1_2,N62262,N90683,0.0,0.0,0.0,0.0001,0.0014,0.0093,0.0341,0.0839,0.1532,0.2276,0.2944,0.3486
6vs1_2,N62262,N91944,1.0,1.0,1.0,0.9999,0.9986,0.9907,0.9659,0.9161,0.8468,0.7724,0.7056,0.6514
6vs2_mirror,N16794,N20889,0.0,0.0,0.0,0.0007,0.0053,0.0232,0.0645,0.1288,0.203,0.2733,0.332,0.3775
6vs2_mirror,N16794,N45925,1.0,1.0,1.0,0.9993,0.9947,0.9768,0.9355,0.8712,0.797,0.7267,0.668,0.6225
3ways_1,N44644,N15176,0.0,0.0,0.0,0.0001,0.0013,0.008,0.0272,0.0621,0.1074,0.1544,0.1966,0.2313
3ways_1,N44644,N68923,0.0,0.0008,0.006,0.0252,0.0681,0.1326,0.2024,0.2604,0.2994,0.3215,0.3322,0.3366
3ways_1,N44644,N92191,1.0,0.9992,0.994,0.9747,0.9305,0.8594,0.7704,0.6775,0.5932,0.5241,0.4712,0.4321
3ways_1,N15176,N26876,0.0,0.0008,0.006,0.0252,0.0682,0.1336,0.208,0.2777,0.3354,0.3802,0.4135,0.4378
3ways_1,N15176,N42091,1.0,0.9992,0.994,0.9748,0.9318,0.8664,0.792,0.7223,0.6646,0.6198,0.5865,0.5622
3ways_1,N68923,N10165,1.0,1.0,1.0,0.9999,0.9986,0.9907,0.9659,0.9161,0.8468,0.7724,0.7056,0.6514
3ways_1,N68923,N96619,0.0,0.0,0.0,0.0001,0.0014,0.0093,0.0341,0.0839,0.1532,0.2276,0.2944,0.3486
3ways_1,N92191,N16867,1.0,1.0,0.9995,0.9959,0.9806,0.9429,0.8814,0.8075,0.7361,0.6755,0.6282,0.5927
3ways_1,N92191,N77234,0.0,0.0,0.0005,0.0041,0.0194,0.0571,0.1186,0.1925,0.2639,0.3245,0.3718,0.4073
Equal_8vs8,N26136,N77859,0.9933,0.9727,0.9281,0.8615,0.787,0.718,0.6612,0.6173,0.5846,0.5608,0.5436,0.5312
Equal_8vs8,N26136,N23128,0.0067,0.0273,0.0719,0.1385,0.213,0.282,0.3388,0.3827,0.4154,0.4392,0.4564,0.4688
3ways_3,N69030,N79809,0.0,0.0008,0.0059,0.0246,0.0639,0.1179,0.1722,0.2173,0.2512,0.2754,0.2925,0.3045
3ways_3,N69030,N26625,0.9999,0.9984,0.9881,0.9509,0.8723,0.7642,0.6556,0.5653,0.4977,0.4491,0.4149,0.391
3ways_3,N69030,N65156,0.0,0.0008,0.0059,0.0246,0.0639,0.1179,0.1722,0.2173,0.2512,0.2754,0.2925,0.3045
3ways_3,N79809,N41261,0.0,0.0,0.0005,0.004,0.0181,0.0499,0.0963,0.1469,0.1924,0.2294,0.2577,0.2787
3ways_3,N79809,N53132,1.0,0.9992,0.9936,0.9709,0.9149,0.8232,0.7157,0.6162,0.5367,0.4776,0.4354,0.4055
3ways_3,N79809,N50019,0.0,0.0008,0.006,0.0251,0.067,0.127,0.188,0.2369,0.2709,0.2929,0.3069,0.3158
3ways_3,N26625,N92857,0.5,0.5,0.5,0.5,0.5,0.5,0.5,0.5,0.5,0.5,0.5,0.5
3ways_3,N26625,N43317,0.5,0.5,0.5,0.5,0.5,0.5,0.5,0.5,0.5,0.5,0.5,0.5
3ways_3,N65156,N54494,1.0,0.9992,0.994,0.9748,0.9318,0.8664,0.792,0.7223,0.6646,0.6198,0.5865,0.5622
3ways_3,N65156,N64651,0.0,0.0008,0.006,0.0252,0.0682,0.1336,0.208,0.2777,0.3354,0.3802,0.4135,0.4378
3ways_3,N41261,N40424,1.0,0.9992,0.994,0.9748,0.9318,0.8664,0.792,0.7223,0.6646,0.6198,0.5865,0.5622
3ways_3,N41261,N12394,0.0,0.0008,0.006,0.0252,0.0682,0.1336,0.208,0.2777,0.3354,0.3802,0.4135,0.4378
3ways_3,N53132,N51943,0.9933,0.9727,0.9281,0.8615,0.787,0.718,0.6612,0.6173,0.5846,0.5608,0.5436,0.5312
3ways_3,N53132,N97783,0.0067,0.0273,0.0719,0.1385,0.213,0.282,0.3388,0.3827,0.4154,0.4392,0.4564,0.4688
3ways_3,N50019,N91451,1.0,1.0,0.9995,0.9959,0.9806,0.9429,0.8814,0.8075,0.7361,0.6755,0.6282,0.5927
3ways_3,N50019,N34800,0.0,0.0,0.0005,0.0041,0.0194,0.0571,0.1186,0.1925,0.2639,0.3245,0.3718,0.4073
3ways_3,N43317,N12802,0.0067,0.0273,0.0719,0.1385,0.213,0.282,0.3388,0.3827,0.4154,0.4392,0.4564,0.4688
3ways_3,N43317,N97603,0.9933,0.9727,0.9281,0.8615,0.787,0.718,0.6612,0.6173,0.5846,0.5608,0.5436,0.5312
3ways_3,N64651,N77862,0.0,0.0,0.0005,0.0041,0.0194,0.0571,0.1186,0.1925,0.2639,0.3245,0.3718,0.4073
3ways_3,N64651,N42432,1.0,1.0,0.9995,0.9959,0.9806,0.9429,0.8814,0.8075,0.7361,0.6755,0.6282,0.5927
6vs1_1,N56747,N56864,0.0,0.0,0.0,0.0001,0.0014,0.0093,0.0341,0.0839,0.1532,0.2276,0.2944,0.3486
6vs1_1,N56747,N82829,1.0,1.0,1.0,0.9999,0.9986,0.9907,0.9659,0.9161,0.8468,0.7724,0.7056,0.6514
3ways_2,N90891,N81595,0.0,0.0,0.0005,0.004,0.0181,0.0499,0.0963,0.1469,0.1924,0.2294,0.2577,0.2787
3ways_2,N90891,N13245,1.0,0.9992,0.9936,0.9709,0.9149,0.8232,0.7157,0.6162,0.5367,0.4776,0.4354,0.4055
3ways_2,N90891,N77370,0.0,0.0008,0.006,0.0251,0.067,0.127,0.188,0.2369,0.2709,0.2929,0.3069,0.3158
3ways_2,N81595,N87576,1.0,0.9992,0.994,0.9748,0.9318,0.8664,0.792,0.7223,0.6646,0.6198,0.5865,0.5622
3ways_2,N81595,N48010,0.0,0.0008,0.006,0.0252,0.0682,0.1336,0.208,0.2777,0.3354,0.3802,0.4135,0.4378
3ways_2,N13245,N32928,0.9933,0.9727,0.9281,0.8615,0.787,0.718,0.6612,0.6173,0.5846,0.5608,0.5436,0.5312
3ways_2,N13245,N91031,0.0067,0.0273,0.0719,0.1385,0.213,0.282,0.3388,0.3827,0.4154,0.4392,0.4564,0.4688
3ways_2,N77370,N51166,1.0,1.0,0.9995,0.9959,0.9806,0.9429,0.8814,0.8075,0.7361,0.6755,0.6282,0.5927
3ways_2,N77370,N92423,0.0,0.0,0.0005,0.0041,0.0194,0.0571,0.1186,0.1925,0.2639,0.3245,0.3718,0.4073
6vs1_1_mirror,N32131,N97498,0.0,0.0,0.0,0.0001,0.0014,0.0093,0.0341,0.0839,0.1532,0.2276,0.2944,0.3486
6vs1_1_mirror,N32131,N72305,1.0,1.0,1.0,0.9999,0.9986,0.9907,0.9659,0.9161,0.8468,0.7724,0.7056,0.6514
